Name,Gender
Marta,female
Nick Newport Sr.,male
Frank Beckerson,male
Lord Covington,male
June Hartwell,female
Lauren,female
Bjorn Lerpiss,male
Alexis Pratchett,female
Harvey,male
Joe,female
Bobby Knight Ranger,male
Pearl,female
Roy Hibbert,male
Edgar Covington,male
Kathryn Pinewood,female
Ron Dunn,male
George Gernway,male
Maria Portlesman,female
Joe Campopiano,male
Kelly Larson,female
Ray Holstead,male
April Ludgate,female
Ethel Beavers,female
Nadia Stasky,female
Bertram Rolands,female
Ben,male
Martin Housely,female
Craig Middlebrooks,female
Joe Biden,male
Councilman Howser,male
Mel,female
Ron's Mom,female
Gretel,female
Ron Swanson,male
Greg's Mom,male
Shauna Malwae-Tweep,female
Tania,female
Trish Ianetta,female
Chief Trumple,male
Wendell Adams,male
Orrin Hatch,male
Detlef Schrempf,male
Principal Russell,male
Morris,male
Old Gus,male
Lawrence,male
Justin,male
Nick Newport,male
Rita Ludgate,female
Brandi Maxxxx,female
Darren,male
Chris Traeger,female
Ragiv,male
Eugene,male
Scott Braddock,male
Raul,male
Mitch Savner,male
Zach Harrison,male
Evelyn Rowshlind,female
Xander,male
Diane Lewis,female
Alyssa,female
Denver,male
Doug DeMarco,male
Bobby Newport,male
Julia Wyatt,female
Joe From Sewage,male
Chipp McCapp,male
Craig,male
Hank Muntak,male
Stuart,male
Allison,female
Ned Jones,male
Abigail,female
Denise Yermley,male
Bill,male
Jean-Ralphio Saperstein,male
Keef,male
Ian Winston,male
Jerry Gergich,male
Dewey,male
Typhoon,male
George MacFayden,male
Lester Kanopf,male
Ian,male
Sierra,female
Alexa Softcastle,female
Miriam Gergich,female
Jessica Wicks,female
Frank Schnable,male
Chief Konner,male
Eduardo,male
Charles Woliner,male
Mayor Stice,male
Susan Gleever,female
Chance Frenlm,male
Pete Disellio,male
Tow Person,male
JJ,male
Jen,female
Walter Gunderson,male
Construction Worker,male
Kyle,male
Roscoe,male
Clarence Carrington,male
Larry Ludgate,female
Jennifer Barkley,female
Wendy,female
Phil,male
Tammy 1,female
Adam Vinatieri,male
Newt Gingrich,male
Tanya,female
Madison,female
Ulee Danssen,female
Chelsea,female
Michelle Obama,female
Kipp Bunthart,male
Vaughn Swanson,male
Dennis Lerpiss,male
Manrico Della Rossa,male
Christine Porter,female
Carl Lorthner,male
Casey,female
Millicent Gergich,female
Ed,male
Joan Callamezzo,female
Dr. Saperstein,male
Barney,male
Elsa Clack,female
Rebecca Varuvian,female
Kim Terlando,female
Crazy Ira,male
Zoe Lewis,female
Antonio,male
Marlene Griggs-Knope,female
Mike,male
Barbara Boxer,female
Cory Booker,male
Florence,female
Connie Cabbage,female
Mark Brendanawicz,male
Ken Hotate,male
The Douche,male
Mike Patterson,male
Tammy 2,female
Trevor Nelson,male
Congressman Murray,male
Tom Haverford,male
Ann Perkins,male
Andy Dwyer,male
Councilman Houser,male
LeVondrious,male
David Moser,male
Annabel Porter,female
William Barnes,male
Lucy,female
Nick Newport Jr.,male
Dave Sanderson,male
Mona-Lisa Saperstein,female
Jill Biden,female
Chang,male
Kirsten Gillibrand,female
Derry Murbles,male
Carl,male
Elvis,male
Stephanie Wyatt,female
Mike Bean,male
Stu,male
Evelyn,female
Buddy Wood,male
Andrew Luck,male
August Clementine,male
Brett,male
Liam Bonneville,male
Lauren's Mom,female
Cindy,female
Rivers,female
Herman Lerpiss,male
Brian,male
Chief Fugleberg,male
Randy,male
Jim Kabernick,male
Elizabeth Barnes,female
Sasha Dunkirk,female
Don Swanson,male
Paula Horke,female
Freddy Spaghetti,male
Ben Wyatt,male
Garth Blunden,male
Nate,male
Cop,male
Theodore,male
Ginuwine,male
Bobby,male
Perd Hapley,male
Lon Swanson,male
Michael Tansley,male
John Cena,male
Linda Lonegan,female
Kate Spivack,female
Grant Larson,male
Kay Hanley,female
Randall,male
Harold,male
Madeleine Albright,female
Harris,male
Ulani,female
Burly,male
Dr. Harris,male
George Williams,male
Fester Trim,male
Councilman Dexhart,male
Jack Cooper,male
Bouncer,male
Olympia Snow,female
Herb Scaifer,male
Run Dunn,male
Marcia Langman,female
Derek,male
Bill Haggerty,male
DJ Bluntz,male
Ingrid de Forest,female
Laura,female
Janine Restrepo,female
Dennis Feinstein,male
Robert Mathis,male
Beth,female
Scott Tanner,male
Joey Plunkett,male
Trodd,male
Pastor,male
Freddy,male
Elise Yarktin,female
Councilman Milton,male
Gayle Gergich,female
Donna Meagle,female
Gladys Gergich,female
Steve Wyatt,male
Marshall Langman,male
Frank,male
Natalie Ludgate,female
Salvatore,male
Martin Kernston,male
Greg Pikitis,male
Herman,male
Dan,male
Terrence Montreaux,male
Marci,female
Rosie DeMarco,female
Lindsay Carlisle Shay,female
Zack,male
Ivy Lewis,female
Chris,male
John McCain,male
Wreston St. James,male
Leslie Knope,female
Roz,female
Leonard Tchulm,male
Paul,male
Josh Groban,male
Jeremy Jamm,male
Reggie Wayne,male
Nolan,male
Jim Irsay,male
Men's Soccer Coach,male
Orin,male
Tynnyfer,female
Ellis,male